NOC,1992,2012,1920,1900,1932,1952,2000,1996,1912,1924,1948,2008,2016,2004,1984,1968,1972,1988,1936,1956,1960,1928,1976,1980,1964,1906,1904,1908,1896,2020,2024
CHN,10,8,0,0,0,0,12,11,0,0,0,14,8,9,5,0,0,5,0,0,0,0,0,0,0,0,0,0,0,6,6
DEN,0,0,0,0,0,0,0,0,0,0,0,0,0,0,1,0,0,1,0,0,0,0,0,0,0,0,0,0,0,1,1
NED,10,9,0,0,0,0,10,10,0,0,0,10,11,7,3,0,4,3,0,0,0,0,0,3,4,0,0,0,0,20,20
FIN,7,3,0,0,0,0,1,1,0,0,0,2,1,1,3,0,1,2,0,0,0,0,2,3,0,0,0,0,0,0,2
NOR,1,0,0,0,0,0,0,0,0,0,0,0,0,0,3,0,0,0,0,0,0,0,0,0,0,0,0,0,0,0,0
ROU,6,6,0,0,0,0,7,5,0,0,0,2,4,4,3,0,0,0,0,0,0,0,0,8,0,0,0,0,0,3,1
EST,1,1,0,0,0,0,2,1,0,0,0,1,1,2,0,0,0,0,0,0,0,0,0,0,0,0,0,0,0,1,1
FRA,14,14,0,0,0,0,14,14,0,0,0,13,14,13,8,0,6,7,0,0,0,0,6,8,4,0,0,0,0,24,28
MAR,0,4,0,0,0,0,2,3,0,0,0,4,3,2,3,0,4,4,0,0,0,0,0,0,0,0,0,0,0,2,3
ESP,12,6,0,0,0,0,12,9,0,0,0,6,5,10,6,0,2,3,0,0,0,0,2,2,0,0,0,0,0,7,17
EGY,3,5,0,0,0,0,4,2,0,0,0,4,5,6,6,0,0,3,0,0,0,0,0,0,0,0,0,0,0,3,2
IRI,0,0,0,0,0,0,3,1,0,0,0,6,2,6,0,0,0,0,0,0,0,0,0,0,0,0,0,0,0,0,0
BUL,5,1,0,0,0,0,2,1,0,0,0,0,2,2,0,0,0,5,0,0,0,0,4,5,0,0,0,0,0,3,2
ITA,9,9,0,0,0,0,9,9,0,0,0,8,6,9,5,0,2,4,0,0,0,0,3,1,2,0,0,0,0,16,26
CHA,2,1,0,0,0,0,0,0,0,0,0,0,0,0,0,0,0,0,0,0,0,0,0,0,0,0,0,0,0,1,1
AZE,0,8,0,0,0,0,4,2,0,0,0,6,6,3,0,0,0,0,0,0,0,0,0,0,0,0,0,0,0,9,9
SUD,2,0,0,0,0,0,0,0,0,0,0,0,1,0,0,0,0,0,0,0,0,0,0,0,0,0,0,0,0,1,0
RUS,0,12,0,0,0,0,10,13,0,0,0,13,12,11,0,0,0,0,0,0,0,0,0,0,0,0,0,0,0,0,0
ARG,9,4,0,0,0,0,9,8,0,0,0,9,2,9,4,0,2,3,0,0,0,0,3,0,3,0,0,0,0,2,1
CUB,12,9,0,0,0,0,14,12,0,0,0,14,9,12,0,0,3,0,0,0,0,0,3,6,0,0,0,0,0,6,4
BLR,0,2,0,0,0,0,5,4,0,0,0,4,2,7,0,0,0,0,0,0,0,0,0,0,0,0,0,0,0,3,0
GRE,2,2,0,0,0,0,0,1,0,0,0,3,2,14,0,0,0,0,0,0,0,0,0,0,0,0,0,0,0,2,2
CMR,0,1,0,0,0,0,3,1,0,0,0,1,1,4,6,0,0,0,0,0,0,0,0,5,0,0,0,0,0,2,1
TUR,4,2,0,0,0,0,3,6,0,0,0,1,4,3,3,0,0,4,0,0,0,0,3,0,0,0,0,0,0,6,16
CHI,0,1,0,0,0,0,1,0,0,0,0,1,1,1,1,0,0,0,0,0,0,0,0,0,0,0,0,0,0,1,2
MEX,1,2,0,0,0,0,1,2,0,0,0,2,2,3,4,0,4,3,0,0,0,0,1,2,3,0,0,0,0,1,2
USA,13,5,0,0,0,0,14,14,0,0,0,10,6,12,8,0,6,7,0,0,0,0,6,0,4,0,0,0,0,4,4
URS,0,0,0,0,0,0,0,0,0,0,0,0,0,0,0,0,6,7,0,0,0,0,6,8,4,0,0,0,0,0,0
NCA,0,0,0,0,0,0,0,2,0,0,0,0,0,0,0,0,1,0,0,0,0,0,2,0,0,0,0,0,0,1,1
HUN,12,8,0,0,0,0,6,7,0,0,0,6,8,2,0,0,6,7,0,0,0,0,6,8,0,0,0,0,0,7,14
NGR,2,0,0,0,0,0,2,1,0,0,0,1,0,2,0,0,0,3,0,0,0,0,0,0,0,0,0,0,0,0,0
ALG,3,2,0,0,0,0,7,6,0,0,0,10,5,11,0,0,0,5,0,0,0,0,0,3,0,0,0,0,0,2,3
KUW,2,0,0,0,0,0,0,2,0,0,0,1,0,1,5,0,0,4,0,0,0,0,4,5,0,0,0,0,0,0,0
BRN,0,0,0,0,0,0,0,0,0,0,0,0,0,0,0,0,0,0,0,0,0,0,0,0,0,0,0,0,0,0,1
PAK,0,0,0,0,0,0,0,0,0,0,0,0,1,0,0,0,0,0,0,0,0,0,0,0,0,0,0,0,0,1,0
IRQ,0,0,0,0,0,0,0,0,0,0,0,0,1,1,0,0,0,0,0,0,0,0,0,0,0,0,0,0,0,0,1
UAR,0,0,0,0,0,0,0,0,0,0,0,0,0,0,0,0,0,0,0,0,0,0,0,0,0,0,0,0,0,0,0
LIB,4,1,0,0,0,0,0,0,0,0,0,1,1,0,3,0,2,3,0,0,0,0,1,2,0,0,0,0,0,0,0
QAT,0,0,0,0,0,0,0,0,0,0,0,0,1,0,0,0,0,0,0,0,0,0,0,0,0,0,0,0,0,1,0
MAS,0,0,0,0,0,0,0,0,0,0,0,0,0,0,0,0,0,0,0,0,0,0,0,0,1,0,0,0,0,0,0
GER,13,11,0,0,0,0,11,13,0,0,0,11,13,12,0,0,0,0,0,0,0,0,0,0,4,0,0,0,0,25,20
CAN,12,8,0,0,0,0,6,11,0,0,0,5,7,6,8,0,6,6,0,0,0,0,5,0,1,0,0,0,0,6,14
IRL,2,1,0,0,0,0,0,2,0,0,0,0,0,0,1,0,6,1,0,0,0,0,0,2,1,0,0,0,0,2,0
AUS,2,6,0,0,0,0,14,12,0,0,0,13,7,12,3,0,5,3,0,0,0,0,3,3,4,0,0,0,0,3,3
RSA,0,1,0,0,0,0,1,1,0,0,0,3,1,1,0,0,0,0,0,0,0,0,0,0,0,0,0,0,0,1,1
ERI,0,0,0,0,0,0,0,0,0,0,0,0,0,0,0,0,0,0,0,0,0,0,0,0,0,0,0,0,0,0,0
TAN,0,0,0,0,0,0,0,0,0,0,0,0,1,0,0,0,0,0,0,0,0,0,0,0,0,0,0,0,0,0,1
JOR,0,0,0,0,0,0,0,0,0,0,0,0,1,0,0,0,0,0,0,0,0,0,0,0,0,0,0,0,0,1,0
TUN,1,4,0,0,0,0,9,6,0,0,0,6,4,4,3,0,0,0,0,0,0,0,0,0,1,0,0,0,0,3,2
LBA,2,1,0,0,0,0,1,0,0,0,0,1,1,1,0,0,0,0,0,0,0,0,0,0,0,0,0,0,0,1,0
BEL,9,5,0,0,0,0,9,7,0,0,0,3,5,3,2,0,4,4,0,0,0,0,2,2,0,0,0,0,0,4,4
DJI,2,0,0,0,0,0,0,0,0,0,0,0,1,0,0,0,0,0,0,0,0,0,0,0,0,0,0,0,0,1,1
PLE,0,1,0,0,0,0,0,0,0,0,0,0,1,0,0,0,0,0,0,0,0,0,0,0,0,0,0,0,0,1,1
COM,0,0,0,0,0,0,0,0,0,0,0,0,0,0,0,0,0,0,0,0,0,0,0,0,0,0,0,0,0,1,0
KAZ,0,9,0,0,0,0,8,8,0,0,0,10,6,8,0,0,0,0,0,0,0,0,0,0,0,0,0,0,0,6,16
BRU,0,0,0,0,0,0,0,0,0,0,0,0,0,0,0,0,0,0,0,0,0,0,0,0,0,0,0,0,0,0,0
IND,5,1,0,0,0,0,1,4,0,0,0,2,1,1,0,0,0,0,0,0,0,0,0,0,0,0,0,0,0,1,1
KSA,0,2,0,0,0,0,0,0,0,0,0,0,1,0,0,0,0,0,0,0,0,0,0,0,0,0,0,0,0,2,0
SYR,0,0,0,0,0,0,0,0,0,0,0,0,1,1,0,0,0,0,0,0,0,0,0,7,0,0,0,0,0,0,1
MDV,0,0,0,0,0,0,0,0,0,0,0,0,0,0,0,0,0,0,0,0,0,0,0,0,0,0,0,0,0,0,0
ETH,0,0,0,0,0,0,0,0,0,0,0,0,0,0,0,0,0,0,0,0,0,0,0,0,0,0,0,0,0,0,0
UAE,0,1,0,0,0,0,0,0,0,0,0,1,3,0,0,0,0,0,0,0,0,0,0,0,0,0,0,0,0,2,6
YAR,0,0,0,0,0,0,0,0,0,0,0,0,0,0,0,0,0,2,0,0,0,0,0,0,0,0,0,0,0,0,0
INA,4,1,0,0,0,0,2,1,0,0,0,0,0,1,0,0,0,0,0,0,0,0,0,0,0,0,0,0,0,0,1
PHI,2,1,0,0,0,0,0,0,0,0,0,0,1,0,0,0,4,3,0,0,0,0,0,0,4,0,0,0,0,1,1
SGP,1,0,0,0,0,0,0,0,0,0,0,0,0,0,0,0,0,0,0,0,0,0,1,0,0,0,0,0,0,0,0
UZB,0,6,0,0,0,0,7,7,0,0,0,8,8,6,0,0,0,0,0,0,0,0,0,0,0,0,0,0,0,19,24
KGZ,0,2,0,0,0,0,5,2,0,0,0,2,2,1,0,0,0,0,0,0,0,0,0,0,0,0,0,0,0,1,2
TJK,0,2,0,0,0,0,0,3,0,0,0,3,2,0,0,0,0,0,0,0,0,0,0,0,0,0,0,0,0,4,6
EUN,13,0,0,0,0,0,0,0,0,0,0,0,0,0,0,0,0,0,0,0,0,0,0,0,0,0,0,0,0,0,0
JPN,14,14,0,0,0,0,14,14,0,0,0,14,14,14,8,0,6,7,0,0,0,0,6,0,4,0,0,0,0,26,28
CGO,0,0,0,0,0,0,1,1,0,0,0,0,1,1,3,0,0,0,0,0,0,0,0,0,0,0,0,0,0,0,0
SUI,5,2,0,0,0,0,3,1,0,0,0,1,3,2,2,0,6,2,0,0,0,0,2,4,1,0,0,0,0,2,3
BRA,14,14,0,0,0,0,12,12,0,0,0,13,14,12,7,0,3,7,0,0,0,0,3,8,1,0,0,0,0,24,23
GDR,0,0,0,0,0,0,0,0,0,0,0,0,0,0,0,0,6,4,0,0,0,0,4,7,0,0,0,0,0,0,0
MON,0,1,0,0,0,0,1,1,0,0,0,1,1,0,1,0,0,2,0,0,0,0,0,0,0,0,0,0,0,1,1
ISR,4,5,0,0,0,0,3,2,0,0,0,3,7,5,2,0,0,0,0,0,0,0,1,0,0,0,0,0,0,23,24
URU,1,1,0,0,0,0,1,2,0,0,0,0,1,0,0,0,0,0,0,0,0,0,0,0,0,0,0,0,0,1,1
SWE,6,1,0,0,0,0,2,1,0,0,0,0,4,1,4,0,1,2,0,0,0,0,2,4,0,0,0,0,0,4,2
SRI,0,0,0,0,0,0,0,0,0,0,0,0,1,0,0,0,0,0,0,0,0,0,0,0,0,0,0,0,0,1,0
ARM,0,2,0,0,0,0,1,1,0,0,0,2,1,1,0,0,0,0,0,0,0,0,0,0,0,0,0,0,0,1,0
CIV,2,1,0,0,0,0,3,2,0,0,0,0,1,0,2,0,0,0,0,0,0,0,0,0,0,0,0,0,0,1,1
KEN,3,0,0,0,0,0,0,0,0,0,0,0,1,0,0,0,0,4,0,0,0,0,0,0,0,0,0,0,0,0,1
BEN,0,1,0,0,0,0,0,0,0,0,0,0,1,0,0,0,0,1,0,0,0,0,0,0,0,0,0,0,0,1,1
GBR,14,14,0,0,0,0,9,13,0,0,0,7,7,8,8,0,6,7,0,0,0,0,6,8,4,0,0,0,0,6,5
GHA,0,1,0,0,0,0,0,0,0,0,0,0,1,0,0,0,0,0,0,0,0,0,0,0,0,0,0,0,0,1,0
SOM,0,0,0,0,0,0,0,0,0,0,0,0,0,0,0,0,0,0,0,0,0,0,0,0,0,0,0,0,0,0,0
NIG,0,1,0,0,0,0,0,0,0,0,0,0,1,1,0,0,0,0,0,0,0,0,0,0,0,0,0,0,0,1,1
MLI,2,1,0,0,0,0,1,0,0,0,0,0,1,1,1,0,2,2,0,0,0,0,0,3,0,0,0,0,0,0,0
AFG,0,1,0,0,0,0,0,0,0,0,0,0,1,1,0,0,0,0,0,0,0,0,0,0,0,0,0,0,0,0,1
POL,11,6,0,0,0,0,5,12,0,0,0,7,4,6,0,0,4,6,0,0,0,0,6,8,0,0,0,0,0,6,4
CRC,0,1,0,0,0,0,0,2,0,0,0,0,1,1,4,0,1,1,0,0,0,0,0,3,2,0,0,0,0,1,1
PAN,0,1,0,0,0,0,1,0,0,0,0,0,0,0,0,0,0,0,0,0,0,0,1,0,1,0,0,0,0,2,1
GEO,0,7,0,0,0,0,6,6,0,0,0,7,8,7,0,0,0,0,0,0,0,0,0,0,0,0,0,0,0,9,19
SLO,2,8,0,0,0,0,0,0,0,0,0,5,5,5,0,0,0,0,0,0,0,0,0,0,0,0,0,0,0,5,6
GUY,0,1,0,0,0,0,0,0,0,0,0,0,0,0,0,0,0,0,0,0,0,0,0,0,0,0,0,0,0,0,0
NZL,4,1,0,0,0,0,4,2,0,0,0,0,1,1,3,0,1,2,0,0,0,0,0,0,0,0,0,0,0,0,2
POR,8,4,0,0,0,0,6,5,0,0,0,5,6,4,4,0,2,3,0,0,0,0,2,3,1,0,0,0,0,8,7
PAR,1,1,0,0,0,0,0,1,0,0,0,0,0,0,1,0,0,1,0,0,0,0,0,0,0,0,0,0,0,0,1
ANG,4,1,0,0,0,0,0,0,0,0,0,0,1,1,0,0,0,7,0,0,0,0,0,0,0,0,0,0,0,1,1
VEN,3,3,0,0,0,0,8,3,0,0,0,7,1,9,1,0,0,2,0,0,0,0,2,0,1,0,0,0,0,3,1
COL,0,2,0,0,0,0,0,0,0,0,0,2,2,3,0,0,0,3,0,0,0,0,0,0,0,0,0,0,0,1,1
FRG,0,0,0,0,0,0,0,0,0,0,0,0,0,0,8,0,6,7,0,0,0,0,5,0,0,0,0,0,0,0,0
BAN,0,0,0,0,0,0,0,0,0,0,0,0,0,0,0,0,0,0,0,0,0,0,0,0,0,0,0,0,0,0,0
PER,0,1,0,0,0,0,1,0,0,0,0,1,1,0,1,0,0,0,0,0,0,0,0,0,0,0,0,0,0,1,1
ESA,1,1,0,0,0,0,1,2,0,0,0,1,1,0,2,0,0,1,0,0,0,0,0,0,0,0,0,0,0,0,1
PUR,4,1,0,0,0,0,4,4,0,0,0,3,2,3,2,0,3,4,0,0,0,0,6,0,0,0,0,0,0,3,2
UGA,0,0,0,0,0,0,0,0,0,0,0,0,0,0,0,0,0,0,0,0,0,0,0,0,0,0,0,0,0,0,0
HON,0,1,0,0,0,0,0,3,0,0,0,0,1,1,1,0,0,0,0,0,0,0,0,0,0,0,0,0,0,1,0
ECU,1,1,0,0,0,0,2,0,0,0,0,3,3,2,1,0,0,0,0,0,0,0,2,2,0,0,0,0,0,3,1
TKM,0,1,0,0,0,0,2,2,0,0,0,2,2,1,0,0,0,0,0,0,0,0,0,0,0,0,0,0,0,1,2
MRI,0,1,0,0,0,0,1,3,0,0,0,0,1,0,0,0,0,0,0,0,0,0,0,0,0,0,0,0,0,1,1
SEY,0,1,0,0,0,0,1,0,0,0,0,0,1,1,0,0,0,0,0,0,0,0,0,0,0,0,0,0,0,1,0
TCH,5,0,0,0,0,0,0,0,0,0,0,0,0,0,0,0,2,3,0,0,0,0,2,5,0,0,0,0,0,0,0
LUX,1,1,0,0,0,0,0,1,0,0,0,1,0,0,0,0,0,0,0,0,0,0,0,0,0,0,0,0,0,0,0
MTN,0,0,0,0,0,0,0,0,0,0,0,0,0,0,0,0,0,0,0,0,0,0,0,0,0,0,0,0,0,0,0
SKN,0,0,0,0,0,0,0,0,0,0,0,0,0,0,0,0,0,0,0,0,0,0,0,0,0,0,0,0,0,0,0
TTO,0,0,0,0,0,0,0,0,0,0,0,0,1,0,0,0,0,0,0,0,0,0,0,0,0,0,0,0,0,1,0
DOM,4,1,0,0,0,0,5,3,0,0,0,3,1,5,2,0,2,1,0,0,0,0,0,0,0,0,0,0,0,1,2
VIN,0,0,0,0,0,0,0,0,0,0,0,0,0,0,0,0,0,0,0,0,0,0,0,0,0,0,0,0,0,0,0
JAM,0,0,0,0,0,0,0,0,0,0,0,0,0,0,0,0,0,0,0,0,0,0,0,0,0,0,0,0,0,1,1
LBR,0,0,0,0,0,0,0,0,0,0,0,0,0,0,0,0,0,0,0,0,0,0,0,0,0,0,0,0,0,0,0
SUR,0,0,0,0,0,0,0,0,0,0,0,0,1,0,1,0,1,1,0,0,0,0,1,0,0,0,0,0,0,0,0
NEP,0,0,0,0,0,0,0,0,0,0,0,1,1,0,0,0,0,2,0,0,0,0,0,0,0,0,0,0,0,1,1
MGL,10,9,0,0,0,0,8,3,0,0,0,10,13,8,0,0,6,6,0,0,0,0,5,8,0,0,0,0,0,22,20
AUT,6,3,0,0,0,0,3,5,0,0,0,3,5,2,4,0,6,3,0,0,0,0,5,5,3,0,0,0,0,6,12
PLW,0,1,0,0,0,0,0,0,0,0,0,0,0,0,0,0,0,0,0,0,0,0,0,0,0,0,0,0,0,0,0
LTU,1,2,0,0,0,0,1,1,0,0,0,1,1,1,0,0,0,0,0,0,0,0,0,0,0,0,0,0,0,1,0
TOG,0,1,0,0,0,0,1,0,0,0,0,1,0,0,0,0,0,0,0,0,0,0,0,0,0,0,0,0,0,0,0
NAM,0,0,0,0,0,0,0,0,0,0,0,0,0,0,0,0,0,0,0,0,0,0,0,0,0,0,0,0,0,0,0
AHO,0,0,0,0,0,0,0,1,0,0,0,0,0,0,0,0,0,0,0,0,0,0,2,0,0,0,0,0,0,0,0
UKR,0,10,0,0,0,0,7,3,0,0,0,9,7,8,0,0,0,0,0,0,0,0,0,0,0,0,0,0,0,7,5
ISL,3,1,0,0,0,0,0,1,0,0,0,1,1,0,2,0,0,2,0,0,0,0,2,2,0,0,0,0,0,0,0
ASA,0,1,0,0,0,0,0,0,0,0,0,1,1,0,0,0,0,0,0,0,0,0,0,0,0,0,0,0,0,0,0
SAM,0,1,0,0,0,0,1,0,0,0,0,0,1,0,0,0,0,0,0,0,0,0,0,0,0,0,0,0,0,1,1
RWA,0,1,0,0,0,0,0,0,0,0,0,0,0,0,0,0,0,0,0,0,0,0,0,0,0,0,0,0,0,0,0
CRO,0,2,0,0,0,0,0,0,0,0,0,0,1,0,0,0,0,0,0,0,0,0,0,0,0,0,0,0,0,3,3
DMA,0,0,0,0,0,0,0,0,0,0,0,0,0,0,0,0,0,0,0,0,0,0,0,0,0,0,0,0,0,0,0
HAI,5,1,0,0,0,0,1,2,0,0,0,2,1,2,0,0,0,0,0,0,0,0,0,0,0,0,0,0,0,1,1
MLT,2,0,0,0,0,0,1,1,0,0,0,1,0,1,0,0,0,2,0,0,0,0,0,0,0,0,0,0,0,0,1
CYP,2,0,0,0,0,0,0,0,0,0,0,0,0,1,2,0,0,2,0,0,0,0,0,5,0,0,0,0,0,0,1
GUI,3,1,0,0,0,0,1,0,0,0,0,0,1,1,1,0,0,0,0,0,0,0,0,3,0,0,0,0,0,1,2
BIZ,0,1,0,0,0,0,0,0,0,0,0,0,1,0,0,0,0,0,0,0,0,0,0,0,0,0,0,0,0,0,0
YMD,0,0,0,0,0,0,0,0,0,0,0,0,0,0,0,0,0,0,0,0,0,0,0,0,0,0,0,0,0,0,0
THA,2,1,0,0,0,0,0,1,0,0,0,0,1,0,0,0,1,0,0,0,0,0,1,0,3,0,0,0,0,1,1
BER,0,0,0,0,0,0,0,0,0,0,0,0,0,0,0,0,0,0,0,0,0,0,0,0,0,0,0,0,0,0,0
ANZ,0,0,0,0,0,0,0,0,0,0,0,0,0,0,0,0,0,0,0,0,0,0,0,0,0,0,0,0,0,0,0
SCG,0,0,0,0,0,0,1,2,0,0,0,0,0,1,0,0,0,0,0,0,0,0,0,0,0,0,0,0,0,0,0
SLE,0,0,0,0,0,0,0,0,0,0,0,0,0,0,0,0,0,0,0,0,0,0,0,0,0,0,0,0,0,1,1
PNG,0,1,0,0,0,0,0,0,0,0,0,0,1,0,0,0,0,0,0,0,0,0,0,0,0,0,0,0,0,0,0
YEM,5,1,0,0,0,0,0,0,0,0,0,1,1,0,0,0,0,0,0,0,0,0,0,0,0,0,0,0,0,1,1
IOA,4,1,0,0,0,0,0,0,0,0,0,0,0,0,0,0,0,0,0,0,0,0,0,0,0,0,0,0,0,0,0
OMA,0,0,0,0,0,0,0,0,0,0,0,0,0,0,0,0,0,0,0,0,0,0,0,0,0,0,0,0,0,0,0
FIJ,4,1,0,0,0,0,2,1,0,0,0,1,1,2,2,0,0,3,0,0,0,0,0,0,0,0,0,0,0,1,1
VAN,0,1,0,0,0,0,0,0,0,0,0,0,1,0,0,0,0,0,0,0,0,0,0,0,0,0,0,0,0,1,1
MDA,0,2,0,0,0,0,4,2,0,0,0,1,1,1,0,0,0,0,0,0,0,0,0,0,0,0,0,0,0,2,3
BAH,0,0,0,0,0,0,0,0,0,0,0,0,0,0,0,0,0,0,0,0,0,0,0,0,0,0,0,0,0,0,0
GUA,0,1,0,0,0,0,1,2,0,0,0,0,1,0,0,0,0,0,0,0,0,0,0,0,0,0,0,0,0,1,1
YUG,0,0,0,0,0,0,0,0,0,0,0,0,0,0,5,0,4,4,0,0,0,0,5,6,0,0,0,0,0,0,0
LAT,2,2,0,0,0,0,1,0,0,0,0,2,2,1,0,0,0,0,0,0,0,0,0,0,0,0,0,0,0,1,0
SRB,0,1,0,0,0,0,0,0,0,0,0,0,1,0,0,0,0,0,0,0,0,0,0,0,0,0,0,0,0,5,12
IVB,0,0,0,0,0,0,0,0,0,0,0,0,0,0,0,0,0,0,0,0,0,0,0,0,0,0,0,0,0,0,0
MOZ,0,1,0,0,0,0,0,0,0,0,0,1,1,0,0,0,0,0,0,0,0,0,0,0,0,0,0,0,0,1,1
ISV,0,0,0,0,0,0,0,0,0,0,0,0,0,0,0,0,0,0,0,0,0,0,0,0,0,0,0,0,0,0,0
CAF,3,0,0,0,0,0,0,0,0,0,0,0,0,1,0,0,0,0,0,0,0,0,0,0,0,0,0,0,0,0,1
MAD,2,1,0,0,0,0,1,0,0,0,0,1,1,1,0,0,4,0,0,0,0,0,0,2,0,0,0,0,0,1,1
MAL,0,0,0,0,0,0,0,0,0,0,0,0,0,0,0,0,0,0,0,0,0,0,0,0,0,0,0,0,0,0,0
BIH,1,1,0,0,0,0,1,1,0,0,0,1,1,1,0,0,0,0,0,0,0,0,0,0,0,0,0,0,0,1,2
GUM,2,1,0,0,0,0,0,0,0,0,0,1,0,0,0,0,0,3,0,0,0,0,0,0,0,0,0,0,0,1,1
CAY,0,0,0,0,0,0,0,0,0,0,0,0,0,0,0,0,0,0,0,0,0,0,0,0,0,0,0,0,0,0,0
SVK,0,1,0,0,0,0,1,2,0,0,0,1,0,2,0,0,0,0,0,0,0,0,0,0,0,0,0,0,0,0,1
BAR,0,1,0,0,0,0,1,1,0,0,0,0,0,1,0,0,0,1,0,0,0,0,0,0,0,0,0,0,0,0,0
GBS,0,0,0,0,0,0,0,0,0,0,0,0,1,0,0,0,0,0,0,0,0,0,0,0,0,0,0,0,0,1,1
TLS,0,0,0,0,0,0,0,0,0,0,0,0,0,0,0,0,0,0,0,0,0,0,0,0,0,0,0,0,0,0,0
COD,6,1,0,0,0,0,0,0,0,0,0,1,1,0,0,0,0,0,0,0,0,0,0,0,0,0,0,0,0,1,1
GAB,2,1,0,0,0,0,2,1,0,0,0,1,2,1,0,0,0,0,0,0,0,0,0,0,0,0,0,0,0,1,1
SMR,1,0,0,0,0,0,0,1,0,0,0,0,0,0,2,0,0,3,0,0,0,0,0,2,0,0,0,0,0,1,0
LAO,0,0,0,0,0,0,0,0,0,0,0,0,1,0,0,0,0,0,0,0,0,0,0,0,0,0,0,0,0,1,0
BOT,0,0,0,0,0,0,0,0,0,0,0,0,1,0,0,0,0,0,0,0,0,0,0,0,0,0,0,0,0,0,0
ROT,0,0,0,0,0,0,0,0,0,0,0,0,2,0,0,0,0,0,0,0,0,0,0,0,0,0,0,0,0,0,0
KOR,14,14,0,0,0,0,13,11,0,0,0,14,12,13,8,0,4,7,0,0,0,0,5,0,4,0,0,0,0,26,22
CAM,0,1,0,0,0,0,0,0,0,0,0,0,0,0,0,0,0,0,0,0,0,0,0,0,0,0,0,0,0,0,0
PRK,3,1,0,0,0,0,4,1,0,0,0,7,3,6,0,0,1,0,0,0,0,0,4,5,0,0,0,0,0,0,1
SOL,0,1,0,0,0,0,0,0,0,0,0,0,0,0,0,0,0,0,0,0,0,0,0,0,0,0,0,0,0,0,0
SEN,6,1,0,0,0,0,1,2,0,0,0,4,1,1,6,0,6,5,0,0,0,0,6,8,0,0,0,0,0,1,1
CPV,0,1,0,0,0,0,0,0,0,0,0,0,0,0,0,0,0,0,0,0,0,0,0,0,0,0,0,0,0,1,1
CZE,0,3,0,0,0,0,3,4,0,0,0,2,3,1,0,0,0,0,0,0,0,0,0,0,0,0,0,0,0,2,3
CRT,0,0,0,0,0,0,0,0,0,0,0,0,0,0,0,0,0,0,0,0,0,0,0,0,0,0,0,0,0,0,0
GEQ,0,0,0,0,0,0,0,0,0,0,0,1,0,0,0,0,0,0,0,0,0,0,0,0,0,0,0,0,0,0,0
BOL,2,0,0,0,0,0,0,0,0,0,0,0,1,1,1,0,0,1,0,0,0,0,0,0,0,0,0,0,0,0,0
SAA,0,0,0,0,0,0,0,0,0,0,0,0,0,0,0,0,0,0,0,0,0,0,0,0,0,0,0,0,0,0,0
ANT,0,0,0,0,0,0,0,0,0,0,0,0,0,0,0,0,0,0,0,0,0,0,0,0,0,0,0,0,0,0,0
AND,1,1,0,0,0,0,0,1,0,0,0,1,1,1,0,0,0,0,0,0,0,0,0,0,0,0,0,0,0,0,0
ZIM,2,0,0,0,0,0,0,0,0,0,0,0,0,0,0,0,0,2,0,0,0,0,0,3,0,0,0,0,0,0,0
GRN,0,0,0,0,0,0,0,0,0,0,0,0,0,0,0,0,0,0,0,0,0,0,0,0,0,0,0,0,0,0,0
HKG,4,1,0,0,0,0,0,1,0,0,0,0,0,0,4,0,1,5,0,0,0,0,1,0,0,0,0,0,0,0,1
LCA,0,0,0,0,0,0,0,0,0,0,0,0,0,0,0,0,0,0,0,0,0,0,0,0,0,0,0,0,0,0,0
FSM,0,0,0,0,0,0,0,0,0,0,0,0,0,0,0,0,0,0,0,0,0,0,0,0,0,0,0,0,0,0,0
MYA,1,1,0,0,0,0,0,0,0,0,0,0,1,0,0,0,0,0,0,0,0,0,0,0,0,0,0,0,0,0,0
MAW,0,0,0,0,0,0,0,0,0,0,0,0,0,0,0,0,0,0,0,0,0,0,0,0,0,0,0,0,0,1,0
ZAM,1,1,0,0,0,0,0,0,0,0,0,0,1,0,3,0,0,0,0,0,0,0,0,6,0,0,0,0,0,1,1
RHO,0,0,0,0,0,0,0,0,0,0,0,0,0,0,0,0,0,0,0,0,0,0,0,0,0,0,0,0,0,0,0
TPE,2,1,0,0,0,0,6,10,0,0,0,2,2,2,4,0,5,5,0,0,0,0,0,0,4,0,0,0,0,3,3
STP,0,0,0,0,0,0,0,0,0,0,0,0,0,0,0,0,0,0,0,0,0,0,0,0,0,0,0,0,0,0,1
MKD,0,0,0,0,0,0,0,0,0,0,0,0,1,0,0,0,0,0,0,0,0,0,0,0,0,0,0,0,0,1,1
BOH,0,0,0,0,0,0,0,0,0,0,0,0,0,0,0,0,0,0,0,0,0,0,0,0,0,0,0,0,0,0,0
LIE,2,0,0,0,0,0,1,1,0,0,0,0,0,0,2,0,2,4,0,0,0,0,4,0,0,0,0,0,0,1,0
MNE,0,1,0,0,0,0,0,0,0,0,0,1,1,0,0,0,0,0,0,0,0,0,0,0,0,0,0,0,0,1,0
GAM,0,0,0,0,0,0,0,0,0,0,0,0,1,0,0,0,0,0,0,0,0,0,0,0,0,0,0,0,0,1,1
COK,0,0,0,0,0,0,0,0,0,0,0,0,0,0,0,0,0,0,0,0,0,0,0,0,0,0,0,0,0,0,0
ALB,0,1,0,0,0,0,0,0,0,0,0,1,0,0,0,0,0,0,0,0,0,0,0,0,0,0,0,0,0,1,0
WIF,0,0,0,0,0,0,0,0,0,0,0,0,0,0,0,0,0,0,0,0,0,0,0,0,0,0,0,0,0,0,0
SWZ,0,0,0,0,0,0,0,0,0,0,0,0,0,0,0,0,0,0,0,0,0,0,0,0,0,0,0,0,0,0,0
BUR,1,1,0,0,0,0,1,0,0,0,0,1,1,1,0,0,0,0,0,0,0,0,0,0,0,0,0,0,0,1,1
NBO,0,0,0,0,0,0,0,0,0,0,0,0,0,0,0,0,0,0,0,0,0,0,0,0,0,0,0,0,0,0,0
BDI,0,1,0,0,0,0,0,0,0,0,0,0,1,0,0,0,0,0,0,0,0,0,0,0,0,0,0,0,0,0,1
ARU,0,1,0,0,0,0,1,0,0,0,0,1,1,0,0,0,0,1,0,0,0,0,0,0,0,0,0,0,0,0,0
NRU,0,1,0,0,0,0,0,0,0,0,0,0,1,0,0,0,0,0,0,0,0,0,0,0,0,0,0,0,0,0,0
VNM,0,0,0,0,0,0,0,0,0,0,0,0,0,0,0,0,0,0,0,0,0,0,0,0,3,0,0,0,0,0,0
VIE,0,1,0,0,0,0,0,1,0,0,0,0,1,0,0,0,0,0,0,0,0,0,0,0,0,0,0,0,0,1,1
BHU,0,0,0,0,0,0,0,0,0,0,0,0,0,0,0,0,0,0,0,0,0,0,0,0,0,0,0,0,0,1,0
MHL,0,0,0,0,0,0,0,0,0,0,0,0,0,0,0,0,0,0,0,0,0,0,0,0,0,0,0,0,0,0,0
KIR,0,0,0,0,0,0,0,0,0,0,0,0,0,0,0,0,0,0,0,0,0,0,0,0,0,0,0,0,0,1,1
UNK,0,0,0,0,0,0,0,0,0,0,0,0,0,0,0,0,0,0,0,0,0,0,0,0,0,0,0,0,0,0,0
TUV,0,0,0,0,0,0,0,0,0,0,0,0,0,0,0,0,0,0,0,0,0,0,0,0,0,0,0,0,0,0,0
TGA,0,0,0,0,0,0,0,0,0,0,0,0,0,1,0,0,0,0,0,0,0,0,0,0,0,0,0,0,0,0,0
NFL,0,0,0,0,0,0,0,0,0,0,0,0,0,0,0,0,0,0,0,0,0,0,0,0,0,0,0,0,0,0,0
KOS,0,0,0,0,0,0,0,0,0,0,0,0,2,0,0,0,0,0,0,0,0,0,0,0,0,0,0,0,0,5,5
SSD,0,0,0,0,0,0,0,0,0,0,0,0,0,0,0,0,0,0,0,0,0,0,0,0,0,0,0,0,0,0,0
LES,0,0,0,0,0,0,0,0,0,0,0,0,0,0,0,0,0,0,0,0,0,0,0,0,0,0,0,0,0,0,0
ROC,0,0,0,0,0,0,0,0,0,0,0,0,0,0,0,0,0,0,0,0,0,0,0,0,0,0,0,0,0,24,0
EOR,0,0,0,0,0,0,0,0,0,0,0,0,0,0,0,0,0,0,0,0,0,0,0,0,0,0,0,0,0,12,12
LBN,0,0,0,0,0,0,0,0,0,0,0,0,0,0,0,0,0,0,0,0,0,0,0,0,0,0,0,0,0,1,1
AIN,0,0,0,0,0,0,0,0,0,0,0,0,0,0,0,0,0,0,0,0,0,0,0,0,0,0,0,0,0,0,0
