NOC,1992,2012,1920,1900,1932,1952,2000,1996,1912,1924,1948,2008,2016,2004,1984,1968,1972,1988,1936,1956,1960,1928,1976,1980,1964,1906,1904,1908,1896,2020,2024
CHN,26,25,0,0,0,0,26,30,0,0,0,28,25,29,20,0,0,27,0,0,0,0,0,0,0,0,0,0,0,31,33
DEN,7,6,56,25,0,7,7,11,41,14,8,1,4,5,4,8,10,10,8,4,7,0,8,5,4,0,0,19,7,7,5
NED,4,3,49,35,0,0,3,2,1,13,4,0,0,5,5,0,3,5,4,0,0,0,2,4,2,0,0,31,0,0,0
FIN,15,6,51,0,0,14,10,8,38,43,12,14,2,9,14,11,13,16,9,10,11,0,6,10,10,0,0,15,0,3,4
NOR,14,9,68,25,0,14,9,13,54,39,11,12,8,8,12,8,10,11,5,7,7,0,6,0,6,27,0,27,0,13,13
ROU,8,2,0,1,0,5,5,6,0,13,0,5,1,4,8,13,13,5,4,7,12,0,8,5,10,0,0,0,0,1,0
EST,4,2,0,0,0,0,1,2,0,0,0,1,1,1,0,0,0,0,0,0,0,0,0,0,0,0,0,0,0,2,2
FRA,24,22,60,62,0,12,17,18,65,31,12,22,14,12,18,8,13,23,9,8,9,0,11,0,5,66,0,52,1,13,26
MAR,0,1,0,0,0,0,0,0,0,0,0,0,2,0,0,0,0,0,0,0,6,0,0,0,0,0,0,0,0,1,1
ESP,22,12,45,0,6,4,7,10,0,1,7,10,8,8,14,12,9,11,0,0,10,0,9,8,5,0,0,0,0,4,4
EGY,6,7,0,0,0,10,9,2,0,1,0,9,15,5,9,2,0,2,1,0,0,0,0,0,6,0,0,0,0,19,17
IRI,0,6,0,0,0,0,1,1,0,0,6,0,8,1,0,0,0,0,0,0,2,0,4,0,4,0,0,0,0,13,5
BUL,17,9,0,0,0,6,11,15,0,0,0,8,7,5,0,8,9,13,1,0,6,0,7,12,7,0,0,0,0,5,5
ITA,16,22,46,0,6,8,18,19,0,24,6,22,20,18,12,8,12,14,9,5,9,0,13,11,5,15,0,0,1,20,24
CHA,0,0,0,0,0,0,0,0,0,0,0,0,0,0,0,0,0,0,0,0,0,0,0,0,0,0,0,0,0,0,0
AZE,0,2,0,0,0,0,3,3,0,0,0,1,2,3,0,0,0,0,0,0,0,0,0,0,0,0,0,0,0,3,2
SUD,0,0,0,0,0,0,0,0,0,0,0,0,0,0,0,0,0,0,0,0,6,0,0,0,0,0,0,0,0,0,0
RUS,0,27,0,0,0,0,30,23,87,0,0,28,24,31,0,0,0,0,0,0,0,0,0,0,0,0,0,0,0,0,0
ARG,4,2,0,0,2,7,7,10,0,8,12,1,6,8,8,4,5,4,5,4,9,0,6,0,8,0,0,0,0,7,5
CUB,7,6,0,0,0,3,9,3,0,0,7,6,13,11,0,8,9,0,0,0,0,0,5,7,0,0,0,0,0,9,6
BLR,0,13,0,0,0,0,19,18,0,0,0,14,8,15,0,0,0,0,0,0,0,0,0,0,0,0,0,0,0,8,0
GRE,6,3,48,0,0,6,4,3,54,16,9,1,3,13,8,7,5,4,8,2,10,0,4,3,4,98,0,23,46,3,8
CMR,0,0,0,0,0,0,0,0,0,0,0,0,0,0,0,0,0,0,0,0,0,0,0,0,0,0,0,0,0,0,0
TUR,1,7,0,0,0,0,3,2,0,0,0,2,6,1,2,4,5,2,0,0,0,0,3,0,0,0,0,0,0,5,13
CHI,2,1,0,0,0,3,3,1,8,0,6,1,1,1,4,4,2,1,3,4,2,0,3,0,3,0,0,0,0,1,2
MEX,1,4,0,0,6,4,3,1,0,3,9,4,2,2,12,14,13,4,5,4,6,0,7,2,6,0,0,0,0,7,9
USA,28,25,106,0,6,10,34,31,94,43,12,27,26,30,22,14,16,30,6,10,12,0,14,0,12,0,0,33,4,36,30
URS,0,0,0,0,0,14,0,0,0,0,0,0,0,0,0,14,16,29,0,14,12,0,14,14,12,0,0,0,0,0,0
NCA,1,0,0,0,0,0,1,1,0,0,0,2,1,2,0,0,0,0,0,0,0,0,0,0,0,0,0,0,0,1,1
HUN,26,6,0,0,3,10,11,18,34,31,6,9,14,15,0,9,11,23,8,7,11,0,8,14,10,12,0,2,0,10,12
NGR,0,0,0,0,0,0,0,0,0,0,0,0,0,0,0,0,0,0,0,0,0,0,0,0,0,0,0,0,0,0,0
ALG,0,1,0,0,0,0,0,0,0,0,0,0,1,0,0,0,0,0,0,0,0,0,0,0,0,0,0,0,0,1,3
KUW,2,6,0,0,0,0,5,3,0,0,0,3,0,5,0,0,0,0,0,0,0,0,0,0,0,0,0,0,0,4,2
BRN,0,1,0,0,0,0,0,0,0,0,0,1,1,1,5,0,0,0,0,0,0,0,0,0,0,0,0,0,0,1,0
PAK,0,1,0,0,0,1,1,0,0,0,0,2,2,1,0,0,0,0,0,4,5,0,0,0,5,0,0,0,0,3,6
IRQ,1,1,0,0,0,0,0,1,0,0,0,0,0,0,0,0,0,0,0,0,0,0,0,0,0,0,0,0,0,1,0
UAR,0,0,0,0,0,0,0,0,0,0,0,0,0,0,0,0,0,0,0,0,3,0,0,0,0,0,0,0,0,0,0
LIB,0,1,0,0,0,3,1,0,0,0,3,1,1,1,4,3,4,0,0,0,3,0,0,0,1,0,0,0,0,0,0
QAT,0,5,0,0,0,0,1,1,0,0,0,2,2,2,4,0,0,1,0,0,0,0,0,0,0,0,0,0,0,1,2
MAS,1,1,0,0,0,0,2,1,0,0,0,1,2,2,1,0,1,1,0,0,0,0,2,0,7,0,0,0,0,1,1
GER,26,23,0,0,1,8,29,29,25,0,0,26,18,28,0,0,0,0,9,4,11,0,0,0,12,0,0,1,0,13,26
CAN,16,3,11,0,0,8,16,10,3,9,0,6,3,4,19,12,12,16,0,9,12,0,13,0,10,0,0,31,0,2,4
IRL,0,1,0,0,0,0,3,4,0,0,0,1,0,1,2,3,4,0,0,0,0,0,1,5,0,0,0,0,0,1,0
AUS,10,22,0,0,0,0,32,20,0,0,6,26,23,28,11,3,4,18,0,14,10,0,7,2,8,0,0,0,0,28,15
RSA,2,1,35,0,0,1,5,3,33,9,0,2,0,1,0,0,0,0,0,3,7,0,0,0,0,0,0,0,0,0,0
ERI,0,0,0,0,0,0,0,0,0,0,0,0,0,0,0,0,0,0,0,0,0,0,0,0,0,0,0,0,0,0,0
TAN,0,0,0,0,0,0,0,0,0,0,0,0,0,0,0,0,0,0,0,0,0,0,0,0,0,0,0,0,0,0,0
JOR,1,0,0,0,0,0,1,1,0,0,0,0,0,0,7,0,0,0,0,0,0,0,0,6,0,0,0,0,0,1,0
TUN,0,1,0,0,0,0,0,0,0,0,0,0,2,0,0,0,0,0,0,0,2,0,0,0,0,0,0,0,0,5,1
LBA,0,0,0,0,0,0,0,0,0,0,0,0,0,0,0,0,0,0,0,0,0,0,0,0,0,0,0,0,0,0,1
BEL,5,1,59,36,0,6,2,6,0,27,4,0,1,1,6,4,7,8,8,3,5,0,6,3,2,1,0,16,0,1,0
DJI,0,0,0,0,0,0,0,0,0,0,0,0,0,0,0,0,0,0,0,0,0,0,0,0,0,0,0,0,0,0,0
PLE,0,0,0,0,0,0,0,0,0,0,0,0,0,0,0,0,0,0,0,0,0,0,0,0,0,0,0,0,0,0,1
COM,0,0,0,0,0,0,0,0,0,0,0,0,0,0,0,0,0,0,0,0,0,0,0,0,0,0,0,0,0,0,0
KAZ,0,5,0,0,0,0,10,9,0,0,0,13,10,7,0,0,0,0,0,0,0,0,0,0,0,0,0,0,0,4,22
BRU,0,0,0,0,0,0,1,1,0,0,0,0,0,0,0,0,0,0,0,0,0,0,0,0,0,0,0,0,0,0,0
IND,3,15,0,0,0,4,4,3,0,0,0,15,18,9,10,3,5,2,0,2,3,0,3,4,2,0,0,0,0,24,32
KSA,0,1,0,0,0,0,1,1,0,0,0,1,2,1,6,0,0,1,0,0,0,0,0,0,0,0,0,0,0,1,0
SYR,1,1,0,0,0,0,1,0,0,0,0,1,0,1,1,0,2,0,0,0,0,0,0,4,0,0,0,0,0,0,0
MDV,0,0,0,0,0,0,0,0,0,0,0,0,0,0,0,0,0,0,0,0,0,0,0,0,0,0,0,0,0,0,0
ETH,0,0,0,0,0,0,0,0,0,0,0,0,0,0,0,0,0,0,0,0,0,0,0,0,0,0,0,0,0,0,0
UAE,0,3,0,0,0,0,3,1,0,0,0,3,3,3,0,0,0,0,0,0,0,0,0,0,0,0,0,0,0,1,0
YAR,0,0,0,0,0,0,0,0,0,0,0,0,0,0,0,0,0,0,0,0,0,0,0,0,0,0,0,0,0,0,0
INA,0,1,0,0,0,0,0,0,0,0,0,1,0,1,2,0,0,2,0,1,1,0,0,0,0,0,0,0,0,2,2
PHI,2,1,0,0,0,6,1,2,0,0,6,1,0,1,1,10,9,0,6,6,8,0,2,0,10,0,0,0,0,1,0
SGP,1,2,0,0,0,0,1,1,0,0,0,1,4,1,0,2,0,1,0,0,1,0,1,0,0,0,0,0,0,1,2
UZB,0,2,0,0,0,0,6,2,0,0,0,4,1,5,0,0,0,0,0,0,0,0,0,0,0,0,0,0,0,2,0
KGZ,0,2,0,0,0,0,5,5,0,0,0,3,0,3,0,0,0,0,0,0,0,0,0,0,0,0,0,0,0,1,0
TJK,0,1,0,0,0,0,0,0,0,0,0,2,0,1,0,0,0,0,0,0,0,0,0,0,0,0,0,0,0,0,0
EUN,28,0,0,0,0,0,0,0,0,0,0,0,0,0,0,0,0,0,0,0,0,0,0,0,0,0,0,0,0,0,0
JPN,19,8,0,0,0,1,15,17,0,0,0,10,12,15,18,6,7,20,0,10,9,0,12,0,12,0,0,0,0,25,6
CGO,0,0,0,0,0,0,0,0,0,0,0,0,0,0,0,0,0,0,0,0,0,0,0,0,0,0,0,0,0,0,0
SUI,13,12,42,36,0,11,5,11,0,13,11,14,7,10,10,11,10,16,0,0,12,0,5,0,10,36,0,0,1,4,6
BRA,4,3,20,0,6,10,0,1,0,1,8,5,13,1,8,4,4,6,4,6,5,0,8,5,0,0,0,0,0,1,4
GDR,0,0,0,0,0,0,0,0,0,0,0,0,0,0,0,12,12,21,0,0,0,0,12,14,0,0,0,0,0,0,0
MON,1,0,0,0,0,8,1,1,0,4,4,1,0,1,4,2,4,1,9,0,6,0,4,0,0,0,0,0,0,0,0
ISR,5,2,0,0,0,6,3,7,0,0,0,5,2,3,7,5,3,6,0,0,4,0,2,0,4,0,0,0,0,1,1
URU,1,1,0,0,0,0,1,0,0,0,0,1,0,0,0,3,0,0,0,0,0,0,0,0,0,0,0,0,0,0,0
SWE,12,4,79,0,3,14,12,6,157,42,12,2,3,11,20,13,13,21,9,12,12,0,13,11,10,23,0,60,0,1,11
SRI,1,2,0,0,0,0,4,4,0,0,0,2,2,2,0,0,1,2,0,0,0,0,0,0,2,0,0,0,0,1,0
ARM,0,2,0,0,0,0,1,1,0,0,0,2,1,2,0,0,0,0,0,0,0,0,0,0,0,0,0,0,0,1,1
CIV,0,0,0,0,0,0,0,0,0,0,0,0,0,0,0,0,0,0,0,0,0,0,0,0,0,0,0,0,0,0,0
KEN,3,0,0,0,0,0,0,1,0,0,0,0,0,0,2,3,10,2,0,4,3,0,0,0,4,0,0,0,0,0,0
BEN,0,0,0,0,0,0,0,0,0,0,0,0,0,0,0,0,0,0,0,0,0,0,0,0,0,0,0,0,0,0,0
GBR,8,16,8,1,0,14,6,7,85,35,12,7,7,6,22,10,15,13,0,11,10,0,13,0,8,21,0,131,5,8,10
GHA,0,0,0,0,0,0,0,0,0,0,0,0,0,0,0,0,0,0,0,0,0,0,0,0,0,0,0,0,0,0,0
SOM,0,0,0,0,0,0,0,0,0,0,0,0,0,0,0,0,0,0,0,0,0,0,0,0,0,0,0,0,0,0,0
NIG,0,0,0,0,0,0,0,0,0,0,0,0,0,0,0,0,0,0,0,0,0,0,0,0,0,0,0,0,0,0,0
MLI,0,0,0,0,0,0,0,0,0,0,0,0,0,0,0,0,0,0,0,0,0,0,0,0,0,0,0,0,0,0,0
AFG,0,0,0,0,0,0,0,0,0,0,0,0,0,0,0,0,0,0,0,0,0,0,0,0,0,0,0,0,0,1,0
POL,18,6,0,0,0,2,7,18,0,13,0,13,9,7,0,13,16,8,6,2,10,0,12,12,7,0,0,0,0,10,14
CRC,1,0,0,0,0,0,0,0,0,0,0,0,0,1,3,7,2,1,0,0,0,0,2,8,0,0,0,0,0,0,0
PAN,0,0,0,0,0,0,1,1,0,0,0,0,2,0,0,0,0,0,0,0,0,0,0,0,0,0,0,0,0,0,0
GEO,0,2,0,0,0,0,4,5,0,0,0,2,4,2,0,0,0,0,0,0,0,0,0,0,0,0,0,0,0,2,2
SLO,3,5,0,0,0,0,5,3,0,0,0,3,3,3,0,0,0,0,0,0,0,0,0,0,0,0,0,0,0,2,0
GUY,0,0,0,0,0,0,0,0,0,0,0,0,0,0,0,0,0,0,0,0,0,0,0,0,0,0,0,0,0,0,0
NZL,4,1,0,0,0,0,8,2,0,0,0,5,3,2,3,2,4,4,0,0,0,0,4,0,0,0,0,0,0,2,2
POR,4,4,25,0,5,6,4,6,0,17,8,3,2,3,6,0,8,2,7,0,9,0,1,0,4,0,0,0,0,1,1
PAR,0,0,0,0,0,0,0,0,0,0,0,1,1,0,6,0,1,0,0,0,0,0,1,0,0,0,0,0,0,0,0
ANG,0,0,0,0,0,0,1,1,0,0,0,0,1,0,0,0,0,0,0,0,0,0,0,0,0,0,0,0,0,0,0
VEN,0,2,0,0,0,10,4,0,0,0,0,2,3,2,5,5,2,0,0,10,6,0,0,2,4,0,0,0,0,2,2
COL,4,1,0,0,0,0,5,4,0,0,0,1,1,4,15,0,12,5,0,4,3,0,3,0,1,0,0,0,0,1,0
FRG,0,0,0,0,0,0,0,0,0,0,0,0,0,0,19,12,15,23,0,0,0,0,12,0,0,0,0,0,0,0,0
BAN,1,1,0,0,0,0,2,1,0,0,0,1,1,1,0,0,0,0,0,0,0,0,0,0,0,0,0,0,0,1,1
PER,2,1,0,0,0,0,2,4,0,0,10,1,4,2,9,5,2,4,1,10,12,0,0,9,10,0,0,0,0,4,4
ESA,0,2,0,0,0,0,2,0,0,0,0,2,1,1,1,10,5,0,0,0,0,0,0,0,0,0,0,0,0,0,2
PUR,2,1,0,0,0,5,2,3,0,0,2,1,2,2,2,9,9,2,0,3,4,0,9,0,3,0,0,0,0,1,2
UGA,0,0,0,0,0,0,0,0,0,0,0,0,0,0,0,0,0,0,0,0,0,0,0,0,0,0,0,0,0,0,0
HON,0,1,0,0,0,0,0,0,0,0,0,0,0,0,0,0,0,0,0,0,0,0,0,0,0,0,0,0,0,0,0
ECU,2,1,0,0,0,0,1,1,0,0,0,1,1,2,5,0,0,2,0,0,0,0,0,0,0,0,0,0,0,4,4
TKM,0,0,0,0,0,0,1,1,0,0,0,1,0,2,0,0,0,0,0,0,0,0,0,0,0,0,0,0,0,0,0
MRI,0,0,0,0,0,0,0,0,0,0,0,0,0,0,0,0,0,0,0,0,0,0,0,0,0,0,0,0,0,0,0
SEY,0,0,0,0,0,0,0,0,0,0,0,0,0,0,0,0,0,0,0,0,0,0,0,0,0,0,0,0,0,0,0
TCH,24,0,30,0,0,6,0,0,0,39,0,0,0,0,0,10,10,21,8,5,12,0,10,12,6,0,0,0,0,0,0
LUX,3,1,0,0,0,0,0,3,0,0,0,0,0,0,1,1,1,2,0,0,5,0,1,2,2,0,0,0,0,0,0
MTN,0,0,0,0,0,0,0,0,0,0,0,0,0,0,0,0,0,0,0,0,0,0,0,0,0,0,0,0,0,0,0
SKN,0,0,0,0,0,0,0,0,0,0,0,0,0,0,0,0,0,0,0,0,0,0,0,0,0,0,0,0,0,0,0
TTO,0,2,0,0,0,0,0,0,0,0,0,1,0,2,0,2,0,0,0,0,0,0,1,0,0,0,0,0,0,0,0
DOM,0,1,0,0,0,0,0,0,0,0,0,1,1,1,0,3,2,0,0,0,0,0,0,0,0,0,0,0,0,0,1
VIN,0,0,0,0,0,0,0,0,0,0,0,0,0,0,0,0,0,0,0,0,0,0,0,0,0,0,0,0,0,0,0
JAM,0,0,0,0,0,0,0,0,0,0,0,0,0,1,0,0,0,0,0,0,0,0,0,0,1,0,0,0,0,0,0
LBR,0,0,0,0,0,0,0,0,0,0,0,0,0,0,0,0,0,0,0,0,0,0,0,0,0,0,0,0,0,0,0
SUR,0,0,0,0,0,0,0,0,0,0,0,0,0,0,0,0,0,0,0,0,0,0,0,0,0,0,0,0,0,0,0
NEP,1,1,0,0,0,0,1,1,0,0,0,1,0,1,0,0,0,1,0,0,0,0,0,0,0,0,0,0,0,1,1
MGL,4,5,0,0,0,0,6,4,0,0,0,6,6,2,0,7,8,4,0,0,0,0,4,4,3,0,0,0,0,10,8
AUT,9,7,0,0,0,5,8,6,15,10,3,6,9,7,13,7,9,18,3,0,8,0,10,9,5,15,0,0,0,3,10
PLW,0,0,0,0,0,0,0,0,0,0,0,0,0,0,0,0,0,0,0,0,0,0,0,0,0,0,0,0,0,0,0
LTU,0,1,0,0,0,0,1,1,0,0,0,1,1,1,0,0,0,0,0,0,0,0,0,0,0,0,0,0,0,2,0
TOG,0,0,0,0,0,0,0,0,0,0,0,0,0,0,0,0,0,0,0,0,0,0,0,0,0,0,0,0,0,0,0
NAM,0,1,0,0,0,0,2,1,0,0,0,1,1,2,0,0,0,0,0,0,0,0,0,0,0,0,0,0,0,0,0
AHO,1,0,0,0,0,0,1,2,0,0,0,1,0,0,0,0,1,1,0,0,0,0,0,0,0,0,0,0,0,0,0
UKR,0,16,0,0,0,0,12,15,0,0,0,19,16,20,0,0,0,0,0,0,0,0,0,0,0,0,0,0,0,12,11
ISL,1,2,0,0,0,0,1,0,0,0,0,0,0,0,0,0,0,0,0,0,0,0,0,0,0,0,0,0,0,1,1
ASA,0,0,0,0,0,0,0,0,0,0,0,0,0,0,0,0,0,0,0,0,0,0,0,0,0,0,0,0,0,0,0
SAM,0,0,0,0,0,0,0,0,0,0,0,0,0,0,0,0,0,0,0,0,0,0,0,0,0,0,0,0,0,0,0
RWA,0,0,0,0,0,0,0,0,0,0,0,0,0,0,0,0,0,0,0,0,0,0,0,0,0,0,0,0,0,0,0
CRO,7,9,0,0,0,0,3,8,0,0,0,8,10,2,0,0,0,0,0,0,0,0,0,0,0,0,0,0,0,9,5
DMA,0,0,0,0,0,0,0,0,0,0,0,0,0,0,0,0,0,0,0,0,0,0,0,0,0,0,0,0,0,0,0
HAI,0,0,0,0,0,0,0,0,0,9,0,0,0,0,0,0,0,0,0,0,0,0,0,0,0,0,0,0,0,0,0
MLT,1,1,0,0,0,0,1,2,0,0,0,1,3,1,2,1,1,0,0,0,2,0,0,2,0,0,0,0,0,2,1
CYP,2,3,0,0,0,0,3,3,0,0,0,3,2,2,4,0,0,1,0,0,0,0,0,0,0,0,0,0,0,4,1
GUI,0,0,0,0,0,0,0,0,0,0,0,0,0,0,0,0,0,0,0,0,0,0,0,0,0,0,0,0,0,0,0
BIZ,0,0,0,0,0,0,0,0,0,0,0,0,0,0,0,2,2,0,0,0,0,0,2,0,0,0,0,0,0,0,0
YMD,0,0,0,0,0,0,0,0,0,0,0,0,0,0,0,0,0,0,0,0,0,0,0,0,0,0,0,0,0,0,0
THA,2,8,0,0,0,0,6,6,0,0,0,9,9,5,19,11,10,3,0,0,8,0,12,0,10,0,0,0,0,8,5
BER,0,0,0,0,0,0,0,0,0,0,0,0,0,0,0,0,0,0,0,0,0,0,0,0,0,0,0,0,0,0,0
ANZ,0,0,0,0,0,0,0,0,0,0,0,0,0,0,0,0,0,0,0,0,0,0,0,0,0,0,0,3,0,0,0
SCG,0,0,0,0,0,0,12,13,0,0,0,0,0,7,0,0,0,0,0,0,0,0,0,0,0,0,0,0,0,0,0
SLE,0,0,0,0,0,0,0,0,0,0,0,0,0,0,0,0,0,0,0,0,0,0,0,0,0,0,0,0,0,0,0
PNG,0,0,0,0,0,0,0,0,0,0,0,0,0,0,2,0,0,0,0,0,0,0,1,0,0,0,0,0,0,0,0
YEM,0,0,0,0,0,0,0,0,0,0,0,0,0,0,0,0,0,0,0,0,0,0,0,0,0,0,0,0,0,1,1
IOA,13,0,0,0,0,0,0,0,0,0,0,0,6,0,0,0,0,0,0,0,0,0,0,0,0,0,0,0,0,0,0
OMA,1,1,0,0,0,0,2,2,0,0,0,1,2,1,10,0,0,1,0,0,0,0,0,0,0,0,0,0,0,1,1
FIJ,0,1,0,0,0,0,0,0,0,0,0,1,1,1,0,0,0,0,0,0,0,0,0,0,0,0,0,0,0,0,0
VAN,0,0,0,0,0,0,0,0,0,0,0,0,0,0,0,0,0,0,0,0,0,0,0,0,0,0,0,0,0,0,0
MDA,0,1,0,0,0,0,1,2,0,0,0,1,0,1,0,0,0,0,0,0,0,0,0,0,0,0,0,0,0,1,1
BAH,0,0,0,0,0,0,0,0,0,0,0,0,0,0,0,0,0,0,0,0,0,0,0,0,0,0,0,0,0,0,0
GUA,3,3,0,0,0,6,4,5,0,0,0,1,2,1,4,10,1,1,0,0,0,0,5,5,0,0,0,0,0,3,4
YUG,0,0,0,0,0,8,0,0,0,0,0,0,0,0,9,4,3,12,1,2,8,0,5,5,0,0,0,0,0,0,0
LAT,2,1,0,0,0,0,2,3,0,0,0,1,1,1,0,0,0,0,3,0,0,0,0,0,0,0,0,0,0,2,5
SRB,0,15,0,0,0,0,0,0,0,0,0,12,18,0,0,0,0,0,0,0,0,0,0,0,0,0,0,0,0,19,6
IVB,0,0,0,0,0,0,0,0,0,0,0,0,0,0,0,0,0,0,0,0,0,0,0,0,0,0,0,0,0,0,0
MOZ,0,0,0,0,0,0,0,0,0,0,0,0,0,0,0,0,0,0,0,0,0,0,0,0,0,0,0,0,0,0,0
ISV,1,0,0,0,0,0,3,1,0,0,0,1,0,2,3,0,6,2,0,0,0,0,4,0,0,0,0,0,0,0,0
CAF,0,0,0,0,0,0,0,0,0,0,0,0,0,0,0,0,0,0,0,0,0,0,0,0,0,0,0,0,0,0,0
MAD,0,0,0,0,0,0,0,0,0,0,0,0,0,0,0,0,0,0,0,0,0,0,0,0,0,0,0,0,0,0,0
MAL,0,0,0,0,0,0,0,0,0,0,0,0,0,0,0,0,0,0,0,3,2,0,0,0,0,0,0,0,0,0,0
BIH,2,3,0,0,0,0,4,3,0,0,0,3,1,3,0,0,0,0,0,0,0,0,0,0,0,0,0,0,0,1,0
GUM,0,0,0,0,0,0,0,0,0,0,0,0,0,0,0,0,0,0,0,0,0,0,0,0,0,0,0,0,0,0,0
CAY,0,0,0,0,0,0,0,0,0,0,0,0,0,0,0,0,0,0,0,0,0,0,0,0,0,0,0,0,0,0,0
SVK,0,12,0,0,0,0,5,7,0,0,0,10,7,5,0,0,0,0,0,0,0,0,0,0,0,0,0,0,0,10,7
BAR,1,0,0,0,0,0,1,1,0,0,0,0,1,1,0,1,2,0,0,0,0,0,0,0,0,0,0,0,0,0,0
GBS,0,0,0,0,0,0,0,0,0,0,0,0,0,0,0,0,0,0,0,0,0,0,0,0,0,0,0,0,0,0,0
TLS,0,0,0,0,0,0,0,0,0,0,0,0,0,0,0,0,0,0,0,0,0,0,0,0,0,0,0,0,0,0,0
COD,0,0,0,0,0,0,0,0,0,0,0,0,0,0,0,0,0,0,0,0,0,0,0,0,0,0,0,0,0,0,0
GAB,0,0,0,0,0,0,0,0,0,0,0,0,0,0,0,0,0,0,0,0,0,0,0,0,0,0,0,0,0,0,0
SMR,2,1,0,0,0,0,2,2,0,0,0,1,3,2,11,2,6,2,0,0,4,0,7,10,0,0,0,0,0,4,1
LAO,0,0,0,0,0,0,0,0,0,0,0,0,0,0,0,0,0,0,0,0,0,0,0,6,0,0,0,0,0,0,0
BOT,0,0,0,0,0,0,0,0,0,0,0,0,0,0,0,0,0,0,0,0,0,0,0,0,0,0,0,0,0,0,0
ROT,0,0,0,0,0,0,0,0,0,0,0,0,0,0,0,0,0,0,0,0,0,0,0,0,0,0,0,0,0,0,0
KOR,17,21,0,0,0,0,13,21,0,0,0,20,20,21,20,2,5,24,0,2,3,0,5,0,12,0,0,0,0,24,29
CAM,0,0,0,0,0,0,0,0,0,0,0,0,0,0,0,0,0,0,0,0,0,0,0,0,0,0,0,0,0,0,0
PRK,11,2,0,0,0,0,1,1,0,0,0,8,7,6,0,0,7,0,0,0,0,0,7,12,0,0,0,0,0,0,0
SOL,0,0,0,0,0,0,0,0,0,0,0,0,0,0,0,0,0,0,0,0,0,0,0,0,0,0,0,0,0,0,0
SEN,0,0,0,0,0,0,0,0,0,0,0,0,0,0,2,0,0,0,0,0,0,0,0,0,0,0,0,0,0,1,0
CPV,0,0,0,0,0,0,0,0,0,0,0,0,0,0,0,0,0,0,0,0,0,0,0,0,0,0,0,0,0,0,0
CZE,0,15,0,0,0,0,16,25,0,0,0,17,9,13,0,0,0,0,0,0,0,0,0,0,0,0,0,0,0,12,16
CRT,0,0,0,0,0,0,0,0,0,0,0,0,0,0,0,0,0,0,0,0,0,0,0,0,0,1,0,0,0,0,0
GEQ,0,0,0,0,0,0,0,0,0,0,0,0,0,0,0,0,0,0,0,0,0,0,0,0,0,0,0,0,0,0,0
BOL,1,1,0,0,0,0,0,0,0,0,0,1,2,1,4,2,7,0,0,0,0,0,1,0,0,0,0,0,0,0,0
SAA,0,0,0,0,0,3,0,0,0,0,0,0,0,0,0,0,0,0,0,0,0,0,0,0,0,0,0,0,0,0,0
ANT,0,0,0,0,0,0,0,0,0,0,0,0,0,0,0,0,0,0,0,0,0,0,0,0,0,0,0,0,0,0,0
AND,1,1,0,0,0,0,1,1,0,0,0,0,1,1,2,0,0,0,0,0,0,0,2,2,0,0,0,0,0,0,0
ZIM,0,0,0,0,0,0,0,0,0,0,0,0,1,1,5,0,0,2,0,0,0,0,0,10,2,0,0,0,0,0,0
GRN,0,0,0,0,0,0,0,0,0,0,0,0,0,0,0,0,0,0,0,0,0,0,0,0,0,0,0,0,0,0,0
HKG,1,1,0,0,0,0,1,1,0,0,0,1,0,1,7,4,1,1,0,0,3,0,6,0,7,0,0,0,0,0,0
LCA,0,0,0,0,0,0,0,0,0,0,0,0,0,0,0,0,0,0,0,0,0,0,0,0,0,0,0,0,0,0,0
FSM,0,0,0,0,0,0,0,0,0,0,0,0,0,0,0,0,0,0,0,0,0,0,0,0,0,0,0,0,0,0,0
MYA,0,1,0,0,0,0,0,1,0,0,0,0,2,0,0,0,0,0,0,0,0,0,0,0,2,0,0,0,0,1,0
MAW,0,0,0,0,0,0,0,0,0,0,0,0,0,0,0,0,0,0,0,0,0,0,0,0,0,0,0,0,0,0,0
ZAM,0,0,0,0,0,0,0,0,0,0,0,0,0,0,0,0,0,0,0,0,0,0,0,0,0,0,0,0,0,0,0
RHO,0,0,0,0,0,0,0,0,0,0,0,0,0,0,0,0,0,0,0,0,1,0,0,0,0,0,0,0,0,0,0
TPE,3,4,0,0,0,0,1,4,0,0,0,2,6,3,3,10,3,4,0,3,4,0,0,0,7,0,0,0,0,9,8
STP,0,0,0,0,0,0,0,0,0,0,0,0,0,0,0,0,0,0,0,0,0,0,0,0,0,0,0,0,0,0,0
MKD,0,0,0,0,0,0,2,1,0,0,0,1,1,2,0,0,0,0,0,0,0,0,0,0,0,0,0,0,0,1,1
BOH,0,0,0,0,0,0,0,0,0,0,0,0,0,0,0,0,0,0,0,0,0,0,0,0,0,5,0,0,0,0,0
LIE,1,0,0,0,0,0,1,0,0,0,0,1,0,1,2,0,2,1,3,0,4,0,0,0,0,0,0,0,0,0,0
MNE,0,2,0,0,0,0,0,0,0,0,0,2,0,0,0,0,0,0,0,0,0,0,0,0,0,0,0,0,0,1,0
GAM,0,0,0,0,0,0,0,0,0,0,0,0,0,0,0,0,0,0,0,0,0,0,0,0,0,0,0,0,0,0,0
COK,0,0,0,0,0,0,0,0,0,0,0,0,0,0,0,0,0,0,0,0,0,0,0,0,0,0,0,0,0,0,0
ALB,2,2,0,0,0,0,2,4,0,0,0,2,0,0,0,0,4,0,0,0,0,0,0,0,0,0,0,0,0,2,2
WIF,0,0,0,0,0,0,0,0,0,0,0,0,0,0,0,0,0,0,0,0,2,0,0,0,0,0,0,0,0,0,0
SWZ,0,0,0,0,0,0,0,0,0,0,0,0,0,0,0,0,2,0,0,0,0,0,0,0,0,0,0,0,0,0,0
BUR,0,0,0,0,0,0,0,0,0,0,0,0,0,0,0,0,0,0,0,0,0,0,0,0,0,0,0,0,0,0,0
NBO,0,0,0,0,0,0,0,0,0,0,0,0,0,0,0,0,0,0,0,0,0,0,0,0,0,0,0,0,0,0,0
BDI,0,0,0,0,0,0,0,0,0,0,0,0,0,0,0,0,0,0,0,0,0,0,0,0,0,0,0,0,0,0,0
ARU,0,0,0,0,0,0,0,0,0,0,0,0,0,0,0,0,0,0,0,0,0,0,0,0,0,0,0,0,0,1,1
NRU,0,0,0,0,0,0,0,0,0,0,0,0,0,0,0,0,0,0,0,0,0,0,0,0,0,0,0,0,0,0,0
VNM,0,0,0,0,0,0,0,0,0,0,0,0,0,0,0,3,2,0,0,0,0,0,0,0,0,0,0,0,0,0,0
VIE,1,4,0,0,0,0,1,1,0,0,0,2,4,1,0,0,0,1,0,0,0,0,0,8,0,0,0,0,0,1,3
BHU,0,1,0,0,0,0,0,0,0,0,0,0,1,0,0,0,0,0,0,0,0,0,0,0,0,0,0,0,0,1,0
MHL,0,0,0,0,0,0,0,0,0,0,0,0,0,0,0,0,0,0,0,0,0,0,0,0,0,0,0,0,0,0,0
KIR,0,0,0,0,0,0,0,0,0,0,0,0,0,0,0,0,0,0,0,0,0,0,0,0,0,0,0,0,0,0,0
UNK,0,0,0,0,0,0,0,0,0,0,0,0,0,0,0,0,0,0,0,0,0,0,0,0,0,0,0,0,0,0,0
TUV,0,0,0,0,0,0,0,0,0,0,0,0,0,0,0,0,0,0,0,0,0,0,0,0,0,0,0,0,0,0,0
TGA,0,0,0,0,0,0,0,0,0,0,0,0,0,0,0,0,0,0,0,0,0,0,0,0,0,0,0,0,0,0,0
NFL,0,0,0,0,0,0,0,0,0,0,0,0,0,0,0,0,0,0,0,0,0,0,0,0,0,0,0,0,0,0,0
KOS,0,0,0,0,0,0,0,0,0,0,0,0,1,0,0,0,0,0,0,0,0,0,0,0,0,0,0,0,0,1,0
SSD,0,0,0,0,0,0,0,0,0,0,0,0,0,0,0,0,0,0,0,0,0,0,0,0,0,0,0,0,0,0,0
LES,0,0,0,0,0,0,0,0,0,0,0,0,0,0,0,0,0,0,0,0,0,0,0,0,0,0,0,0,0,0,0
ROC,0,0,0,0,0,0,0,0,0,0,0,0,0,0,0,0,0,0,0,0,0,0,0,0,0,0,0,0,0,31,0
EOR,0,0,0,0,0,0,0,0,0,0,0,0,0,0,0,0,0,0,0,0,0,0,0,0,0,0,0,0,0,1,2
LBN,0,0,0,0,0,0,0,0,0,0,0,0,0,0,0,0,0,0,0,0,0,0,0,0,0,0,0,0,0,1,1
AIN,0,0,0,0,0,0,0,0,0,0,0,0,0,0,0,0,0,0,0,0,0,0,0,0,0,0,0,0,0,0,2
